{
    "full_course_data": {
        "duration": 67.5,
        "min_w_prime_balance": 35000.0,
        "power_in": 35192.287999999935,
        "distance": 862.182488600494,
        "average_yaw": -2.3715582462655087,
        "average_yaw_above_40kmh": 0,
        "timesteps": 135
    },
    "segments_data": {
        "1": {
            "duration": 41.0,
            "min_w_prime_balance": 35000.0,
            "power_in": 23054.03999999997,
            "distance": 480.15024273539217,
            "average_yaw": -2.421792054692222,
            "average_yaw_above_40kmh": 0,
            "timesteps": 820
        },
        "2": {
            "duration": 26.5,
            "min_w_prime_balance": 35000.0,
            "power_in": 12138.248000000001,
            "distance": 382.03224586510186,
            "average_yaw": -2.2938380143600297,
            "average_yaw_above_40kmh": 0,
            "timesteps": 2500
        }
    },
    "timesteps_data": {
        "elevation": [
            593, 593, 593, 593, 593, 593, 593, 593, 593, 593, 593, 593.1, 593.1,
            593.1, 593.1, 593.1, 593.3, 593.3, 593.3, 593.3, 593.3, 593.3, 593,
            593, 593, 593, 593, 592.3, 592.3, 592.3, 592.3, 592.3, 591.7, 591.7,
            591.7, 591.7, 591.7, 591.7, 591.7, 591.7, 591.7, 591.5, 591.5,
            591.5, 591.5, 591.5, 591.3, 591.3, 591.3, 591.3, 591.3, 591.3,
            591.3, 591.3, 591.3, 591.3, 591.3, 591.3, 591.3, 591.3, 591.3,
            591.3, 591, 591, 591, 591, 591.5, 591.5, 591.5, 591.5, 591.6, 591.6,
            591.6, 591.6, 591.8, 591.8, 591.8, 591.8, 591.8, 591.8, 591.8,
            591.8, 591.6, 591.6, 591.6, 591.6, 591.5, 591.5, 591.5, 591.5,
            591.5, 591.5, 591.5, 591.3, 591.3, 591.3, 591.3, 591, 591, 591, 591,
            591.2, 591.2, 591.2, 591.2, 591, 591, 591, 591, 590.4, 590.4, 590.4,
            590.4, 589.9, 589.9, 589.9, 589.4, 589.4, 589.4, 589.2, 589.2,
            588.6, 588.6, 588.6, 588.1, 588.1, 588, 588, 588, 588.4, 588.4,
            589.2, 589.2, 589.2, 590.1
        ],
        "w_prime_balance": [
            35000.0, 35000.0, 35000.0, 35000.0, 35000.0, 35000.0, 35000.0,
            35000.0, 35000.0, 35000.0, 35000.0, 35000.0, 35000.0, 35000.0,
            35000.0, 35000.0, 35000.0, 35000.0, 35000.0, 35000.0, 35000.0,
            35000.0, 35000.0, 35000.0, 35000.0, 35000.0, 35000.0, 35000.0,
            35000.0, 35000.0, 35000.0, 35000.0, 35000.0, 35000.0, 35000.0,
            35000.0, 35000.0, 35000.0, 35000.0, 35000.0, 35000.0, 35000.0,
            35000.0, 35000.0, 35000.0, 35000.0, 35000.0, 35000.0, 35000.0,
            35000.0, 35000.0, 35000.0, 35000.0, 35000.0, 35000.0, 35000.0,
            35000.0, 35000.0, 35000.0, 35000.0, 35000.0, 35000.0, 35000.0,
            35000.0, 35000.0, 35000.0, 35000.0, 35000.0, 35000.0, 35000.0,
            35000.0, 35000.0, 35000.0, 35000.0, 35000.0, 35000.0, 35000.0,
            35000.0, 35000.0, 35000.0, 35000.0, 35000.0, 35000.0, 35000.0,
            35000.0, 35000.0, 35000.0, 35000.0, 35000.0, 35000.0, 35000.0,
            35000.0, 35000.0, 35000.0, 35000.0, 35000.0, 35000.0, 35000.0,
            35000.0, 35000.0, 35000.0, 35000.0, 35000.0, 35000.0, 35000.0,
            35000.0, 35000.0, 35000.0, 35000.0, 35000.0, 35000.0, 35000.0,
            35000.0, 35000.0, 35000.0, 35000.0, 35000.0, 35000.0, 35000.0,
            35000.0, 35000.0, 35000.0, 35000.0, 35000.0, 35000.0, 35000.0,
            35000.0, 35000.0, 35000.0, 35000.0, 35000.0, 35000.0, 35000.0,
            35000.0, 35000.0
        ],
        "power_in": [
            363.474, 363.474, 363.474, 363.474, 363.474, 363.474, 363.474,
            363.474, 363.474, 363.474, 363.474, 363.474, 363.474, 363.474,
            363.474, 363.474, 363.474, 363.474, 363.474, 363.474, 363.474,
            363.474, -11.572000000000001, -11.572000000000001,
            -11.572000000000001, -11.572000000000001, -11.572000000000001,
            -11.572000000000001, -11.572000000000001, -11.572000000000001,
            -11.572000000000001, -11.572000000000001, -11.572000000000001,
            -11.572000000000001, -11.572000000000001, -11.572000000000001,
            363.474, 363.474, 363.474, 363.474, 363.474, 363.474, 363.474,
            363.474, 363.474, 363.474, 363.474, 363.474, 363.474, 363.474,
            363.474, 363.474, 363.474, 363.474, 363.474, 363.474, 363.474,
            363.474, 363.474, 363.474, 363.474, 363.474, -11.572000000000001,
            -11.572000000000001, -11.572000000000001, -11.572000000000001,
            363.474, 363.474, 363.474, 363.474, 363.474, 363.474, 363.474,
            363.474, 363.474, 363.474, 363.474, 363.474, 363.474, 363.474,
            363.474, 363.474, 363.474, 363.474, 363.474, 363.474, 363.474,
            363.474, 363.474, 363.474, 363.474, 363.474, 363.474, 363.474,
            363.474, 363.474, 363.474, -11.572000000000001, -11.572000000000001,
            -11.572000000000001, -11.572000000000001, 363.474, 363.474, 363.474,
            363.474, 363.474, 363.474, 363.474, 363.474, -11.572000000000001,
            -11.572000000000001, -11.572000000000001, -11.572000000000001,
            -11.572000000000001, -11.572000000000001, -11.572000000000001,
            -11.572000000000001, -11.572000000000001, -11.572000000000001,
            363.474, 363.474, -11.572000000000001, -11.572000000000001,
            -11.572000000000001, -11.572000000000001, -11.572000000000001,
            363.474, 363.474, 363.474, 363.474, 363.474, 363.474, 363.474,
            363.474, 363.474
        ],